"Sum Sq","Df","F value","Pr(>F)"
151.25769066373,1,71.0913796843796,1.25221040279381e-06
92.1489636951663,1,43.3101744237197,1.76643397280829e-05
41.5748509828866,1,19.540252820048,0.000691168862440382
5.83900935780358,1,2.74434463077386,0.12152315728514
6.32165919125808,1,2.97119089832,0.108442471653763
0.269453350881406,1,0.126643547119365,0.727646222192479
34.2532134606348,1,16.0990703537431,0.00147729187359619
27.6594713361645,13,NA,NA
